INSERT INTO `campionati` VALUES ('MotoGP'),('Formula 1'),('World Rally Championship');
INSERT INTO `gare` VALUES ('Commercial Bank Grand Prix of Qatar','Losail','Qatar','MotoGP'),('Gran Premio Motul de la República Argentina','Termas de Río Hondo','Argentina','MotoGP'),('FORMULA 1 ROLEX AUSTRALIAN GRAND PRIX','Melbourne','Australia','Formula 1'),('FORMULA 1 GRAN PREMIO D\'ITALIA 2016','Monza','Italia','Formula 1'),('84eme Rallye Automobile Monte-Carlo','Monte-Carlo','Francia','World Rally Championship'),('64th Rally Sweden','Karlstad','Svezia','World Rally Championship');
INSERT INTO `piloti` VALUES ('Valentino','Rossi'),('Dani','Pedrosa'),('Lewis','Hamilton'),('Sebastian','Vettel'),('Sebastien','Ogier'),('Dani','Sordo');
INSERT INTO `quote` VALUES ('Valentino','Rossi','Commercial Bank Grand Prix of Qatar','MotoGP',1,1.2),('Valentino','Rossi','Commercial Bank Grand Prix of Qatar','MotoGP',2,1.35),('Valentino','Rossi','Commercial Bank Grand Prix of Qatar','MotoGP',3,1.55),('Dani','Pedrosa','Commercial Bank Grand Prix of Qatar','MotoGP',1,1.7),('Dani','Pedrosa','Commercial Bank Grand Prix of Qatar','MotoGP',2,1.6),('Dani','Pedrosa','Commercial Bank Grand Prix of Qatar','MotoGP',3,1.5),('Lewis','Hamilton','FORMULA 1 ROLEX AUSTRALIAN GRAND PRIX','Formula 1',1,1.35),('Lewis','Hamilton','FORMULA 1 ROLEX AUSTRALIAN GRAND PRIX','Formula 1',2,1.55),('Lewis','Hamilton','FORMULA 1 ROLEX AUSTRALIAN GRAND PRIX','Formula 1',3,1.3),('Sebastian','Vettel','FORMULA 1 ROLEX AUSTRALIAN GRAND PRIX','Formula 1',1,1.6),('Sebastian','Vettel','FORMULA 1 ROLEX AUSTRALIAN GRAND PRIX','Formula 1',2,1.55),('Sebastian','Vettel','FORMULA 1 ROLEX AUSTRALIAN GRAND PRIX','Formula 1',3,1.4),('Sebastien','Ogier','84eme Rallye Automobile Monte-Carlo','World Rally Championship',1,1.85),('Sebastien','Ogier','84eme Rallye Automobile Monte-Carlo','World Rally Championship',2,1.75),('Sebastien','Ogier','84eme Rallye Automobile Monte-Carlo','World Rally Championship',3,1.6),('Dani','Sordo','64th Rally Sweden','World Rally Championship',1,2.3),('Dani','Sordo','64th Rally Sweden','World Rally Championship',2,2.1),('Dani','Sordo','64th Rally Sweden','World Rally Championship',3,1.9);


